{
    "name": "scene",
    "objects": [
        {
            "type": "MESH",
            "name": "Cube",
            "transform": {
                "translation": [
                    0.0,
                    0.0,
                    0.0
                ],
                "rotation": [
                    0.0,
                    -0.0,
                    0.0
                ],
                "scaling": [
                    1.0,
                    1.0,
                    1.0
                ]
            }
        },
        {
            "type": "LIGHT",
            "transform": {
                "translation": [
                    4.076245307922363,
                    1.0054539442062378,
                    5.903861999511719
                ],
                "rotation": [
                    37.261043548583984,
                    3.1637072563171387,
                    106.93630981445312
                ]
            },
            "cameradata": {
                "color": [
                    1.0,
                    1.0,
                    1.0
                ]
            }
        },
        {
            "type": "CAMERA",
            "cameradata": {
                "up": [
                    -0.4450773000717163,
                    -0.01314687728881836,
                    0.8953956365585327
                ],
                "direction": [
                    -0.8950052261352539,
                    -0.026437193155288696,
                    -0.44527146220207214
                ],
                "translation": [
                    7.358891487121582,
                    -0.011981487274169922,
                    4.958309173583984
                ],
                "nearclip": 0.10000000149011612,
                "farclip": 100.0,
                "fovAngleY": 0.6911112070083618
            }
        }
    ]
}