{
    "name": "scene",
    "objects": [
        {
            "type": "MESH",
            "name": "Cube",
            "transform": {
                "translation": [
                    0.0,
                    0.0,
                    0.0
                ],
                "rotation": [
                    0.0,
                    -0.0,
                    0.0
                ],
                "scaling": [
                    1.0,
                    1.0,
                    1.0
                ]
            }
        },
        {
            "type": "LIGHT",
            "transform": {
                "translation": [
                    4.076245307922363,
                    1.0054539442062378,
                    5.903861999511719
                ],
                "rotation": [
                    37.261043548583984,
                    3.1637072563171387,
                    106.93630981445312
                ]
            },
            "cameradata": {
                "color": [
                    1.0,
                    1.0,
                    1.0
                ],
                "direction": [
                    -0.566393256187439,
                    -0.21839115023612976,
                    -0.7946723103523254
                ]
            }
        },
        {
            "type": "CAMERA",
            "cameradata": {
                "up": [
                    -0.32401347160339355,
                    0.30542075634002686,
                    0.8953956961631775
                ],
                "direction": [
                    -0.6515582799911499,
                    0.6141704320907593,
                    -0.44527125358581543
                ],
                "translation": [
                    7.358891487121582,
                    -6.925790786743164,
                    4.958309173583984
                ],
                "nearclip": 0.10000000149011612,
                "farclip": 100.0,
                "fovAngleY": 0.6911112070083618
            }
        },
        {
            "type": "MESH",
            "name": "Cube.001",
            "transform": {
                "translation": [
                    -2.4153337478637695,
                    -2.0525293350219727,
                    0.0
                ],
                "rotation": [
                    0.0,
                    -0.0,
                    0.0
                ],
                "scaling": [
                    1.0,
                    1.0,
                    1.0
                ]
            }
        },
        {
            "type": "MESH",
            "name": "Cube.002",
            "transform": {
                "translation": [
                    2.1528968811035156,
                    1.9927821159362793,
                    0.0
                ],
                "rotation": [
                    0.0,
                    -0.0,
                    0.0
                ],
                "scaling": [
                    1.0,
                    1.0,
                    1.0
                ]
            }
        }
    ]
}